ranking,name
1,Carlos Alcaraz
2,Novak Djoković
3,Daniil Medvedev
4,Casper Ruud
5,Stefanos Tsitsipas
6,Holger Rune
7,Andrey Rublev
8,Jannik Sinner
9,Taylor Fritz
10,Frances Tiafoe
11,Karen Khachanov
12,Félix Auger-Aliassime
13,Cameron Norrie
14,Tommy Paul
15,Borna Ćorić
16,Lorenzo Musetti
17,Hubert Hurkacz
18,Alex de Minaur
19,Alexander Zverev
20,Francisco Cerúndolo
21,Grigor Dimitrov
22,Pablo Carreño Busta
23,Denis Shapovalov
24,Jan Lennard Struff
25,Roberto Bautista Agut
26,Nicolás Jarry
27,Alexander Bublik
28,Sebastian Korda
29,Daniel Evans
30,Yoshihito Nishioka
31,Christopher Eubanks
32,Matteo Berrettini
33,Jiří Lehečka
34,Tomás Martín Etcheverry
35,Alejandro Davidovich Fokina
36,Tallon Griekspoor
37,Nick Kyrgios
38,Adrian Mannarino
39,Ben Shelton
40,Ugo Humbert
41,Andy Murray
42,Lorenzo Sonego
43,Roman Safiullin
44,Miomir Kecmanović
45,Botic van de Zandschulp
46,Yannick Hanfmann
47,J.J. Wolf
48,Emil Ruusuvuori
49,Grégoire Barrère
50,Mikael Ymer
51,Aslan Karatsev
52,Richard Gasquet
53,Márton Fucsovics
54,Laslo Djere
55,Daniel Elahi Galán
56,Brandon Nakashima
57,Mackenzie McDonald
58,Roberto Carballés Baena
59,Dušan Lajović
60,Bernabé Zapata Miralles
61,Marcos Giron
62,Sebastián Báez
63,Daniel Altmaier
64,Quentin Halys
65,Juan Pablo Varillas
66,Christopher O'Connell
67,Arthur Fils
68,Jordan Thompson
69,Zhizhen Zhang
70,Max Purcell
71,Nuno Borges
72,Corentin Moutet
73,Stan Wawrinka
74,Matteo Arnaldi
75,Alexandre Müller
76,Luca Van Assche
77,Yibing Wu
78,Albert Ramos Viñolas
79,Jack Draper
80,Sebastian Ofner
81,Alex Molčan
82,Arthur Rinderknech
83,Aleksandar Vukic
84,Marc-Andrea Hüsler
85,Jason Kubler
86,Constant Lestienne
87,Dominik Koepfer
88,Thanasi Kokkinakis
89,Pedro Cachín
90,Alexei Popyrin
91,Ilya Ivashka
92,Fábián Marozsán
93,Dominic Thiem
94,Marco Cecchinato
95,Alexander Shevchenko
96,Pavel Kotov
97,Facundo Díaz Acosta
98,Diego Schwartzman
99,Radu Albot
100,Soonwoo Kwon
101,Marin Čilić
102,Jenson Brooksby
103,Yosuke Watanuki
104,Maxime Cressy
105,Dominic Stricker
106,Benjamin Bonzi
107,Tomáš Macháč
108,Zsombor Piros
109,Jaume Munar
110,Juan Manuel Cerúndolo
111,David Goffin
112,Taro Daniel
113,Federico Coria
114,Borna Gojo
115,Michael Mmoh
116,Rinky Hijikata
117,Giulio Zeppieri
118,Jurij Rodionov
119,Thiago Monteiro
120,Aleksandar Kovačević
121,Tomás Barrios Vera
122,John Isner
123,Pedro Martínez
124,Thiago Seyboth Wild
125,Fabio Fognini
126,Cristian Garín
127,James Duckworth
128,Liam Broady
129,Alejandro Tabilo
130,Otto Virtanen
131,Andrea Vavassori
132,Timofey Skatov
133,Hugo Grenier
134,Facundo Bagnis
135,Thiago Agustín Tirante
136,Emilio Gómez
137,Rafael Nadal
138,Gabriel Diallo
139,Hugo Gaston
140,Arthur Cazaux
141,Filip Misolic
142,Raúl Brancaccio
143,Gijs Brouwer
144,Nicolas Moreno De Alboran
145,Luca Nardi
146,Flavio Cobolli
147,Jan Choinski
148,Benoît Paire
149,Enzo Couacaud
150,Ivan Gakhov
151,Dennis Novak
152,Harold Mayot
153,Lukáš Klein
154,Francesco Passaro
155,Maximilian Marterer
156,Sho Shimabukuro
157,Juncheng Shang
158,Jozef Kovalík
159,Leandro Riedi
160,Vasek Pospisil
161,Alexander Ritschard
162,Mariano Navone
163,Denis Kudla
164,Elias Ymer
165,Hugo Dellien
166,Felipe Meligeni Alves
167,Kimmer Coppejans
168,Damir Džumhur
169,Marc Polmans
170,Emilio Nava
171,Zdeněk Kolář
172,Mattia Bellucci
173,Dimitar Kuzmanov
174,Franco Agamenone
175,Zizou Bergs
176,Jesper de Jong
177,Geoffrey Blancaneaux
178,Camilo Ugo Carabelli
179,Genaro Alberto Olivieri
180,Pablo Llamas Ruiz
181,Norbert Gombos
182,Jelle Sels
183,Hamad Medjedović
184,Oscar Otte
185,Yunchaokete Bu
186,Laurent Lokoli
187,Antoine Escoffier
188,Dragos Nicolae Madaras
189,Shintaro Mochizuki
190,Vitaliy Sachko
191,Riccardo Bonadio
192,Dalibor Svrčina
193,Ričardas Berankis
194,Nicholas David Ionel
195,Frederico Ferreira Silva
196,Steve Johnson
197,Andrea Collarini
198,Oleksii Krutykh
199,Seongchan Hong
200,Jakub Menšík
201,Lloyd Harris
202,Rio Noguchi
203,Titouan Droguet
204,Filip Krajinović
205,Francesco Maestrelli
206,Máté Valkusz
207,Joris De Loore
208,Maximilian Neuchrist
209,Federico Gaio
210,Tennys Sandgren
211,Gauthier Onclin
212,Adrian Andreev
213,Kaichi Uchida
214,Matteo Gigante
215,Brandon Holt
216,Alexis Galarneau
217,Tung Lin Wu
218,Federico Delbonis
219,Nerman Fatić
220,Mikhail Kukushkin
221,Kamil Majchrzak
222,Stefano Travaglia
223,Yu-hsiou Hsu
224,Zachary Svajda
225,Marco Trungelliti
226,Guido Pella
227,Renzo Olivo
228,Sumit Nagal
229,Giovanni Mpetshi Perricard
230,Nicolás Kicker
231,Edoardo Lavagno
232,Alessandro Giannessi
233,Cem İlkel
234,Francisco Comesaña
235,Dane Sweeny
236,Abdullah Shelbayh
237,Mark Lajal
238,Aziz Dougaz
239,Beibit Zhukayev
240,Evgeny Donskoy
241,Luciano Darderi
242,Adam Walton
243,Yuta Shimizu
244,Alex Michelsen
245,Andrea Pellegrino
246,Román Andrés Burruchaga
247,Gianluca Mager
248,Vít Kopřiva
249,Terence Atmane
250,Li Tu
251,Nick Hardt
252,Santiago Rodríguez Taverna
253,Raphaël Collignon
254,Lorenzo Giustino
255,Guido Andreozzi
256,Salvatore Caruso
257,Hernán Casanova
258,Valentin Vacherot
259,Michael Geerts
260,Benjamin Hassan
261,Timo Stodder
262,Rudolf Molleker
263,Ryan Peniston
264,Omar Jasika
265,Nicolás Mejía
266,Manuel Guinard
267,Gonçalo Oliveira
268,Yasutaka Uchiyama
269,Daniel Michalski
270,Oliver Crawford
271,Steven Diez
272,Max Houkes
273,Tristan Schoolkate
274,Patrick Kypson
275,Henri Laaksonen
276,Moez Echargui
277,Dan Added
278,Matheus Pucinelli De Almeida
279,Elmar Ejupovic
280,João Lucas Reis Da Silva
281,Alejandro Moro Cañas
282,Mitchell Krueger
283,John Millman
284,James McCabe
285,Giovanni Fonio
286,Oriol Roca Batalla
287,Nikolás Sánchez Izquierdo
288,Altuğ Çelikbilek
289,Antoine Bellier
290,Jules Marie
291,Nino Serdarušić
292,Dino Prižmić
293,Hiroki Moriya
294,Daniel Rincon
295,Skander Mansouri
296,Jason Jung
297,Kacper Żuk
298,Lukas Neumayer
299,Javier Barranco Cosano
300,Filip Cristian Jianu
301,Alexander Weis
302,Chun Hsin Tseng
303,Maks Kaśnikowski
304,Evan Furness
305,Henri Squire
306,Álvaro López San Martín
307,Mathias Bourgue
308,Marek Gengel
309,Alibek Kachmazov
310,Valentin Royer
311,Lucas Poullain
312,Nam Hoang Ly
313,João Sousa
314,Benjamin Lock
315,Gaël Monfils
316,Eduardo Ribeiro
317,Gilles Simon
318,Nikoloz Basilashvili
319,Nicolás Álvarez Varona
320,Illya Marchenko
321,Francesco Forti
322,Yun-seong Chung
323,Murkel Dellien
324,Dominik Palan
325,Lucas Gerch
326,Duje Ajduković
327,Antoine Hoang
328,Denis Yevseyev
329,Clément Tabur
330,Billy Harris
331,Kalin Ivanovski
332,Maxime Janvier
333,Ugo Blanchet
334,Viktor Durasovic
335,Dmitry Popko
336,Evan Zhu
337,Gustavo Heide
338,Kyrian Jacquet
339,Filip Peliwo
340,Calvin Hémery
341,Nick Chappell
342,Bernard Tomic
343,Christian Langmo
344,Peter Gojowczyk
345,Alex Bolt
346,Gastão Elias
347,Louis Weßels
348,Stefano Napolitano
349,Alexandar Lazarov
350,Michael Vrbenský
351,Lukáš Rosol
352,Daniel Masur
353,Maxime Chazal
354,Fernando Verdasco
355,Yankı Erel
356,Mukund Sasikumar
357,Carlos Taberner
358,Edan Leshem
359,Lucas Pouille
360,Charles Broom
361,Marko Topo
362,Juan Pablo Ficovich
363,Karl Friberg
364,Dayne Kelly
365,George Loffhagen
366,Pol Martín Tiffon
367,Mattéo Martineau
368,Luke Saville
369,Carlos Sánchez Jover
370,Facundo Mena
371,Alastair Gray
372,Colin Sinclair
373,Marius Copil
374,Gonzalo Bueno
375,Ernesto Escobedo
376,Jérôme Kym
377,Henrique Rocha
378,Remy Bertola
379,Eliakim Coulibaly
380,Clément Chidekh
381,David Jordá Sanchis
382,Stefan Kozlov
383,Damien Wenger
384,Miljan Zekić
385,Arthur Fery
386,Alexey Vatutin
387,August Holmgren
388,Alex Martí Pujolras
389,Nikola Milojević
390,Robert Strombachs
391,Cedrik Marcel Stebe
392,Mathys Erhard
393,Omni Kumar
394,Bogdan Bobrov
395,Tim van Rijthoven
396,Nathan Ponwith
397,Cezar Crețu
398,Vladyslav Orlov
399,Alafia Ayeni
400,Ergi Kırkın
401,Max Hans Rehberg
402,Daniel Cukierman
403,Juan Bautista Torres
404,Hady Habib
405,Sascha Gueymard Wayenburg
406,Sebastian Fanselow
407,Pedro Boscardin Dias
408,Aidan McHugh
409,Kyle Seelig
410,Ernests Gulbis
411,Strong Kirchheimer
412,Thomas Fancutt
413,Gonzalo Lama
414,Sandro Kopp
415,Alex Barrena
416,Robin Haase
417,Kenny de Schepper
418,Jack Sock
419,Gabriel Debru
420,Giovanni Oradini
421,Eric Vanshelboim
422,Akira Santillan
423,Matías Franco Descotte
424,Ulises Blanch
425,Daniel Cox
426,Daniel Dutra da Silva
427,Kyle Edmund
428,Andrew Paulson
429,Stuart Parker
430,Gianmarco Ferrari
431,Samuel Vincent Ruggeri
432,Enrico Dalla Valle
433,Saba Purtseladze
434,Martin Damm
435,Ajeet Rai
436,Leo Borg
437,Pedro Sousa
438,Julian Ocleppo
439,Lucas Catarina
440,Jacopo Berrettini
441,Gabriel Décamps
442,Oleksandr Ovcharenko
443,Federico Arnaboldi
444,Andrey Chepelev
445,Mohamed Safwat
446,Sebastian Gima
447,Robin Bertrand
448,Pierre Hugues Herbert
449,Tristan Lamasine
450,Marcello Serafini
451,Kris Van Wyk
452,Jay Clarke
453,Jiří Veselý
454,Carlos Lopez Montagud
455,Paul Jubb
456,Elliot Benchetrit
457,Prajnesh Gunneswaran
458,Aidan Mayo
459,Alexandr Cozbinov
460,Ethan Quinn
461,Daniel Mérida
462,Valerio Aboian
463,Stefanos Sakellaridis
464,Feliciano López
465,Jorge Panta
466,Alfredo Perez
467,Rubin Statham
468,Kei Nishikori
469,Adria Soriano Barrera
470,Juan Bautista Otegui
471,Juan Pablo Paz
472,Leonardo Aboian
473,Martyn Pawelski
474,Arthur Weber
475,Naoki Nakagawa
476,Philip Sekulic
477,Lorenzo Rottoli
478,Yishai Oliel
479,Orlando Luz
480,Yuki Mochizuki
481,Alexis Gautier
482,Elmer Møller
483,Blake Ellis
484,Tibo Colson
485,Ezekiel Clark
486,Alex Rybakov
487,Adolfo Daniel Vallejo
488,Toby Kodat
489,Tim Handel
490,Gerald Melzer
491,Peter Fajta
492,Wilson Leite
493,Gabriele Piraino
494,Jaimee Floyd Angele
495,Tristan McCormick
496,Tristan Boyer
497,João Domingues
498,Gonzalo Villanueva
499,Constantin Bittoun Kouzmine
500,Mateus Alves
501,Pablo Andújar
502,Govind Nanda
503,Jérémy Chardy
504,Fausto Tabacco
505,Shinji Hazawa
506,Giles Hussey
507,Rigele Te
508,Federico Iannaccone
509,Jurgen Briand
510,Jea Moon Lee
511,Mats Moraing
512,Timo Legout
513,David Pichler
514,Guy Den Ouden
515,Digvijaypratap Singh
516,Sam Riffice
517,Toby Samuel
518,Ramkumar Ramanathan
519,Harry Wendelken
520,Tao Mu
521,José Pereira
522,Matías Soto
523,Cannon Kingsley
524,Ilya Snițari
525,Fajing Sun
526,Thai Son Kwiatkowski
527,Mats Rosenkranz
528,Luca Potenza
529,Duarte Vale
530,Iñaki Montes De La Torre
531,Yusuke Takahashi
532,Arthur Reymond
533,Liam Draxl
534,Jakub Paul
535,Marat Sharipov
536,Emilien Voisin
537,Jaime Faria
538,Ben Patael
539,Evgeny Karlovskiy
540,Facundo Juárez
541,Gabi Adrian Boitan
542,Chak Lam Coleman Wong
543,Amr Elsayed
544,Milos Raonic
545,Nicolás Álvarez
546,Tatsuma Ito
547,Khumoyun Sultanov
548,Sergey Fomin
549,Álvaro Guillén Meza
550,Tommaso Compagnucci
551,Matthew Dellavedova
552,Federico Agustin Gomez
553,Tomás Farjat
554,Neil Oberleitner
555,Kirill Kivattsev
556,Corentin Denolly
557,Felix Gill
558,Jeremy Jahn
559,Uisung Park
560,Ignacio Monzón
561,Michael Zheng
562,Gian Marco Moroni
563,Justin Boulais
564,Sanhui Shin
565,Yanaki Milev
566,Peter Heller
567,Andrés Andrade
568,Denis Klok
569,Ryan Nijboer
570,Max Alcalá Gurri
571,José Fco. Vidal Azorín
572,Luciano Emanuel Ambrogi
573,Daniel Little
574,Jorge Martinez Martinez
575,Sergi Perez Contri
576,Patrik Rikl
577,Ryan Harrison
578,James Trotter
579,Hynek Bartoň
580,Rimpei Kawakami
581,Tsung Hao Huang
582,Simon Beaupain
583,Nicolas Zanellato
584,JiSung Nam
585,Mika Brunold
586,Sidane Pontjodikromo
587,John Echeverria
588,Jiri Barnat
589,Victor Lilov
590,Alex Knaff
591,Ryuki Matsuda
592,Keegan Smith
593,M Rifki Fitriadi
594,Florent Bax
595,Alec Deckers
596,Paweł Ciaś
597,Mirza Bašić
598,Mark Whitehouse
599,Gerard Campana Lee
600,Lautaro Midon
601,Luca Tomasetto
602,Vilius Gaubas
603,Alec Beckley
604,Lorenzo Bocchi
605,Roberto Marcora
606,Miguel Damas
607,Makoto Ochi
608,Rrezart Cungu
609,Matija Pecotić
610,Blaž Rola
611,Roberto Cid Subervi
612,Andrea Arnaboldi
613,Simone Roncalli
614,Orel Kimhi
615,Alejandro Manzanera Pertusa
616,Imanol López Morillo
617,S D Prajwal Dev
618,Juan Ignacio Lóndero
619,Radu Mihai Papoe
620,Kyle Kang
621,Viacheslav Bielinskyi
622,Aleksandre Metreveli
623,Lukáš Pokorný
624,Pedro Sakamoto
625,Hazem Naw
626,Oleg Prihodko
627,Mario Gonzalez Fernandez
628,Maxime Mora
629,Bruno Kuzuhara
630,Adrien Gobat
631,Evgeny Philippov
632,Duck-hee Lee
633,Zura Tkemaladze
634,Kristjan Tamm
635,Johannus Monday
636,Joao Fonseca
637,Shintaro Imai
638,Renta Tokuda
639,Edward Winter
640,Matías Zukas
641,Lilian Marmousez
642,Arthur Bouquier
643,Andrea Picchione
644,Reilly Opelka
645,Savva Polukhin
646,Yassine Dlimi
647,Daniele Capecchi
648,Colin Markes
649,Donald Young
650,Luca Wiedenmann
651,Koray Kırcı
652,Alexander Zgirovsky
653,Oscar Jose Gutierrez
654,Mili Poljičak
655,Stefan Popović
656,Sebastian Prechtel
657,Kai Wehnelt
658,Jonáš Forejtek
659,David Poljak
660,Conner Huertas del Pino
661,Franco Roncadelli
662,Jerzy Janowicz
663,Ignacio Buse
664,Christoph Negritu
665,Niki Kaliyanda Poonacha
666,Fermin Tenti
667,Julian Lenz
668,Shuichi Sekiguchi
669,Marvin Möller
670,David Pérez Sanz
671,Palaphoom Kovapitukted
672,Nikolay Vylegzhanin
673,Giorgio Tabacco
674,Sander Jong
675,Garrett Johns
676,Andrej Nedic
677,Petr Nouza
678,Luka Mikrut
679,Sidharth Rawat
680,Kasidit Samrej
681,Vlad Andrei Dancu
682,Bor Artnak
683,Dan Alexandru Tomescu
684,Tom Gentzsch
685,Arklon Huertas Del Pino Cordova
686,Daniel Rodrigues
687,Andrea Guerrieri
688,Bjorn Fratangelo
689,Gergely Madarász
690,Blu Baker
691,Svyatoslav Gulin
692,Anton Matusevich
693,Edas Butvilas
694,Gilles Arnaud Bailly
695,Olaf Pieczkowski
696,Bekkhan Atlangeriev
697,Alejandro Hoyos
698,Alexandre Aubriot
699,Murphy Cassone
700,Aidan Kim
701,Ilia Simakin
702,Simon Anthony Ivanov
703,Adam Moundir
704,Pedro Vives Marcos
705,Olle Wallin
706,Kiranpal Pannu
707,Guido Iván Justo
708,Matyas Fuele
709,Martin Landaluce
710,Szymon Kielan
711,Aldin Šetkić
712,Georgii Kravchenko
713,Andres Martin
714,Ryota Tanuma
715,Alexander Bernard
716,Antoine Ghibaudo
717,Daisuke Sumizawa
718,Maxence Broville
719,Mick Veldheer
720,Buvaysar Gadamauri
721,Jacob Brumm
722,Zhe Li
723,Learner Tien
724,Blaise Bicknell
725,Lorenzo Joaquín Rodríguez
726,Mirko Martinez
727,Florian Broska
728,Daniil Glinka
729,Hanwen Li
730,Gage Brymer
731,Maxence Beaugé
732,Fabrizio Andaloro
733,Manish Sureshkumar
734,Sahar Simon
735,Deney Wassermann
736,Luca Giacomini
737,Alberto Barroso Campos
738,Fernando Yamacita
739,Peter Benjamin Privara
740,Denis Istomin
741,Yan Bai
742,Chris Rodesch
743,Pedro Rodenas
744,Tadeáš Paroulek
745,Matej Dodig
746,Stefan Dostanic
747,Yuta Kawahashi
748,Darian King
749,Petr Nesterov
750,Jake Delaney
751,Luigi Sorrentino
752,Ignacio Carou
753,Gabriele Pennaforti
754,Nicolas Tepmahc
755,Marcelo Zormann
756,Evgenii Tiurnev
757,Roberto Quiroz
758,Ye Cong Mo
759,Jonathan Mridha
760,Calum Puttergill
761,Jeremy Jin
762,Sebastian Sorger
763,Karan Singh
764,Sora Fukuda
765,Sean Cuenin
766,Egor Agafonov
767,Riccardo Balzerani
768,Aleksandre Bakshi
769,Sekou Bangoura
770,Keisuke Saitoh
771,Dominik Böhler
772,Dali Blanch
773,Amaury Raynel
774,Konstantin Kravchuk
775,Andreas Seppi
776,Christian Sigsgaard
777,Martin Krumich
778,Yunseok Jang
779,Brandon Walkin
780,Johan Alexander Rodriguez
781,Joshua Sheehy
782,Diego Augusto Barreto Sánchez
783,Aleksandr Braynin
784,Henry Patten
785,Matthias Bachinger
786,Roko Horvat
787,Alex Martinez
788,Benjamin Winter Lopez
789,Maximus Jones
790,Jacob Bradshaw
791,Shunsuke Mitsui
792,Bradley Klahn
793,Marcel Zielinski
794,Alexander Donski
795,Leonardo Rossi
796,Kareem Al Allaf
797,Osgar O'Hoisin
798,Kosuke Ogura
799,Micah Braswell
800,Alex Hernandez
801,James Tracy
802,Jack Pinnington Jones
803,Michiel De Krom
804,Juan Carlos Prado Angelo
805,Mitchell Harper
806,Viktor Jović
807,Vito Tonejc
808,Lorenzo Claverie
809,Ray Ho
810,Boris Butulija
811,Matěj Vocel
812,Pablo Cuevas
813,Andre Ilagan
814,Tauheed Browning
815,Ozan Baris
816,Luka Pavlovic
817,Alejo Lorenzo Lingua Lavallén
818,Hikaru Shiraishi
819,Rodrigo Pacheco Mendez
820,Lukas Krainer
821,Johannes Härteis
822,Kazuma Kawachi
823,Mikalai Haliak
824,Niklas Schell
825,Cheong Eui Kim
826,Adrián Menéndez-Maceiras
827,Lorenzo Carboni
828,Enzo Wallart
829,Yeong Seok Jeong
830,Santiago De La Fuente
831,Nicolas Kobelt
832,Liam Gavrielides
833,Joao Victor Couto Loureiro
834,Kokoro Isomura
835,Filippo Moroni
836,Martín Cuevas
837,Arthur Géa
838,Takuya Kumasaka
839,Peter Bertran
840,Rishab Agarwal
841,Igor Gimenez
842,Moerani Bouzige
843,Yuta Kikuchi
844,Juan Ignacio Galarza
845,Siddharth Vishwakarma
846,Francois Musitelli
847,Pedro Araújo
848,Bruno Pujol Navarro
849,Davide Galoppini
850,Quinn Vandecasteele
851,Matteo Donati
852,Hanyi Liu
853,Davide Pontoglio
854,Dan Martin
855,Jarno Jans
856,Alexander Blockx
857,Koki Matsuda
858,Roy Smith
859,Joshua Goodger
860,Franco Emanuel Egea
861,Lucas Renard
862,Alexandr Binda
863,Johannes Ingildsen
864,Luca Castagnola
865,Marco Miceli
866,Gabriele Maria Noce
867,Adam Neff
868,Max Basing
869,Nicola Kuhn
870,Jack Anthrop
871,Mariano Kestelboim
872,Yurii Dzhavakian
873,Savriyan Danilov
874,Tyler Zink
875,Oleksandr Bielinskyi
876,Andrea Bacaloni
877,Gabriel Donev
878,Yuichiro Inui
879,Taisei Ichikawa
880,Jakob Schnaitter
881,Nitin Kumar Sinha
882,Alexandros Skorilas
883,Adrian Oetzbach
884,Aziz Ouakaa
885,Nino Ehrenschneider
886,Iliyan Radulov
887,Alan Fernando Rubio Fierros
888,Nicolas Parizzia
889,Pavel Nejedlý
890,Leopold Zima
891,Nicolas Buitrago
892,Egor Gerasimov
893,Andrea Basso
894,Lucas Miedler
895,Fnu Nidunjianzan
896,Justin Barki
897,Alexander Kotzen
898,Cyril Vandermeersch
899,Jaycer Lyeons
900,Manuel Mazza
901,Patrick Brady
902,Cash Hanzlik
903,Juan Carlos Aguilar
904,Quentin Folliot
905,Raphaël Lambling
906,Kazuki Nishiwaki
907,Arvid Nordquist
908,Illya Beloborodko
909,Wishaya Trongcharoenchaikul
910,Blake Mott
911,Taha Baadi
912,Tom Paris
913,Gabriel Alejandro Hidalgo
914,Juan Manuel La Serna
915,Grigoriy Lomakin
916,Philip Florig
917,Gianni Ross
918,Erik Arutiunian
919,Niccolo Catini
920,Ben Jones
921,Derek Pham
922,Filippo Speziali
923,Nathan Seateun
924,Dušan Obradović
925,Călin Manda
926,Noah Lopez
927,Oliver Tarvet
928,Federico Zeballos
929,Yūichi Sugita
930,Menelaos Efstathiou
931,Patrick Maloney
932,Tomás Lipovšek Puches
933,Kalman L. Boyd
934,Jimmy Yang
935,Maciej Rajski
936,Jie Cui
937,Jeremy Beale
938,Mac Kiger
939,Dominik Kellovsky
940,A.J. Catanzariti
941,Linang Xiao
942,Connor Farren
943,Woobin Shin
944,Lewie Lane
945,Diego Fernandez Flores
946,Lukáš Palovič
947,Lucas Bouquet
948,Samir Hamza Reguig
949,Yuki Bhambri
950,John McNally
951,Nicolás Barrientos
952,Hong Chung
953,Jeffrey Von Der Schulenburg
954,Jordan Hasson
955,Kilian Feldbausch
956,Isaac Becroft
957,Kristijan Juhas
958,Alexandru Jecan
959,Pietro Marino
960,Kai Lemstra
961,Finn Reynolds
962,Michał Mikuła
963,Seydina Andre
964,Cayetano March
965,Millen Hurrion
966,Wissam Abderrahman
967,Stefano Reitano
968,Thiago Cigarran
969,Pierre Delage
970,Alexander Erler
971,Younes Lalami Laaroussi
972,Masamichi Imamura
973,Ivan Liutarevich
974,Warren Wood
975,Yannik Steinegger
976,Sarp Ağabigün
977,Thomas Braithwaite
978,Stefano Battaglino
979,Justin Roberts
980,Mathieu Scaglia
981,Thomas Deschamps
982,Marlon Vankan
983,Hamish Stewart
984,Michael Zhu
985,Giacomo Dambrosi
986,Boris Fassbender
987,Jannik Opitz
988,William Grant
989,Filip Bergevi
990,Karol Drzewiecki
991,Aoran Wang
992,Sebastian Dominko
993,Michail Pervolarakis
994,Niels Visker
995,Admir Kalender
996,Karim Mohamed Maamoun
997,Juan Sebastián Gómez
998,João Eduardo Schiessl
999,Matthew Christopher Romios
1000,Kody Pearson
